cell_number,execution_time
1,0.1776103973388672
1,0.0317037105560302
2,0.1521215438842773
2,0.1448731422424316
1,0.0317800045013427
2,0.1420955657958984
3,0.1831674575805664
4,526.9205801486969
