cell_number,execution_time
1,0.0649986267089843
2,0.1731729507446289
3,0.0835316181182861
4,0.3377876281738281
5,0.3764832019805908
6,0.0232794284820556
7,0.0089664459228515
8,0.3663012981414795
