cell_number,execution_time
1,0.0308537483215332
2,0.0526893138885498
3,0.1022908687591552
4,256.7088921070099
