cell_number,execution_time
1,0.2161803245544433
2,0.185197114944458
3,0.0453889369964599
4,0.3273763656616211
1,0.0417244434356689
2,0.0544166564941406
3,0.0421464443206787
4,1.9421396255493164
