cell_number,execution_time
1,0.2098574638366699
2,0.0616261959075927
1,0.0374519824981689
2,0.052931785583496
1,0.0403759479522705
2,0.041715383529663
3,0.0657675266265869
4,512.7430939674377
