cell_number,execution_time
1,2.1781513690948486
2,0.4467024803161621
3,0.1893889904022216
4,0.2878172397613525
5,1.0141687393188477
6,0.134793996810913
7,0.0068743228912353
8,0.40445756912231445
