cell_number,execution_time
1,0.0579707622528076
2,0.0600602626800537
3,0.070772647857666
4,1.553736686706543
