cell_number,execution_time
1,0.0629751682281494
2,0.0020811557769775
3,0.01299285888671875
