cell_number,execution_time
1,0.10392427444458
2,0.0659818649291992
3,9.488077163696287
4,4.895590782165527
5,2.893137216567993
8,0.0479974746704101
9,0.1890521049499511
10,1.2746059894561768
