cell_number,execution_time
1,0.0659992694854736
2,0.0049936771392822
3,0.0010011196136474
4,0.0010008811950683
5,0.0020012855529785
6,0.0020055770874023438
