cell_number,execution_time
1,0.0463924407958984
2,0.032355785369873
3,0.001838207244873
4,0.0027415752410888
5,0.0330266952514648
6,0.08493638038635254
