cell_number,execution_time
1,0.0696005821228027
2,0.0077731609344482
3,0.0562329292297363
1,0.0698237419128418
1,0.0521903038024902
2,0.0039551258087158
3,0.038421630859375
