cell_number,execution_time
1,0.0529637336730957
2,0.0010058879852294
3,0.05240750312805176
