cell_number,execution_time
1,2.1954402923583984
2,0.0394551753997802
3,0.0019629001617431
4,0.0012834072113037
5,0.0300848484039306
6,0.04662466049194336
