cell_number,execution_time
1,1.3151521682739258
2,0.0009055137634277
3,0.04361367225646973
