cell_number,execution_time
1,0.8648829460144043
2,0.0410945415496826
3,0.001007080078125
4,0.0010106563568115
5,0.004007339477539
6,0.0019268989562988281
