cell_number,execution_time
1,0.4240050315856933
2,0.0010633468627929
3,0.010869741439819336
