cell_number,execution_time
1,0.969735860824585
2,0.0059995651245117
3,0.0011305809020996
4,0.0020699501037597
5,0.0029990673065185
6,0.006999015808105469
