cell_number,execution_time
1,0.951361894607544
2,0.0009987354278564
3,0.01901102066040039
