cell_number,execution_time
1,0.4270269870758056
2,0.4400043487548828
3,8.947625637054443
4,1.8408875465393064
7,3.190457820892334
8,0.0559990406036376
9,0.1430072784423828
10,1.3090605735778809
