cell_number,execution_time
1,0.1776103973388672
1,0.0317037105560302
2,0.1521215438842773
2,0.14487314224243164
